Random Student,Random SIS User ID,Random SIS Login ID
"Tse, Sml",iuybybxh-7b98-4c40-915a-bhuazfvgugyp,SmlTse
"Iwu, Xts",hmtdikpg-862d-4948-a099-ilvohytgsfdl,XtsIwu
"Iwu, Xts",hmtdikpg-862d-4948-a099-ilvohytgsfdl,XtsIwu
"Iwu, Xts",hmtdikpg-862d-4948-a099-ilvohytgsfdl,XtsIwu
"Iwu, Xts",hmtdikpg-862d-4948-a099-ilvohytgsfdl,XtsIwu
"Kvo, Omb",zzerrowz-23ae-48f1-a83e-lmzanfsqauzd,OmbKvo
"Iof, Tjx",czozxfdt-4dc2-464c-b927-ghqauqhbfvxr,TjxIof
"Zpf, Xst",lwiyajov-d60d-4fe1-aafb-skvpkahbtluu,XstZpf
"Jth, Wsl",jawtcxmm-09c9-476b-851b-hqqbwapsivnq,WslJth
"Rki, Qmz",hwfdrkhj-4942-49e8-81ef-lyruynyfmgff,QmzRki
"Rki, Qmz",hwfdrkhj-4942-49e8-81ef-lyruynyfmgff,QmzRki
"Air, Xlp",igluoapw-689e-47ce-a9b1-ofiypxueedrp,XlpAir
"Jiz, Gwe",mrczbmjt-f2b1-4f06-a2f5-qeutcvszffde,GweJiz
"Jiz, Gwe",mrczbmjt-f2b1-4f06-a2f5-qeutcvszffde,GweJiz
"Xwb, Ziw",bducdbta-a637-417d-86e9-kbwvuhyxtlyq,ZiwXwb
"Xwb, Ziw",bducdbta-a637-417d-86e9-kbwvuhyxtlyq,ZiwXwb
"Xwb, Ziw",bducdbta-a637-417d-86e9-kbwvuhyxtlyq,ZiwXwb
"Lsk, Dmd",rlfvxhca-9955-49c9-9a35-oxjdxxsujiom,DmdLsk
"Puh, Xhc",ngflpplw-a89e-482b-9279-btjzckazxrkz,XhcPuh
"Eug, Dzv",zzjxeghl-6eec-4cd0-9768-txyufjyqzlup,DzvEug
"Jai, Ydt",drsjhbuy-feb4-41e1-bfc8-ricbqcunnrnt,YdtJai
"Ubx, Zrr",xdeeacnf-4676-4e47-ae5b-tgrdnzatmxzd,ZrrUbx
"Zdl, Syt",jnhqznzi-8c21-40fd-9136-eprrgmjvajlw,SytZdl
"Ucf, Zyh",gjbdvjqh-dd43-4f56-a6fc-rlshikkyymyp,ZyhUcf
"Ucf, Zyh",gjbdvjqh-dd43-4f56-a6fc-rlshikkyymyp,ZyhUcf
"Ucf, Zyh",gjbdvjqh-dd43-4f56-a6fc-rlshikkyymyp,ZyhUcf
"Eso, Dql",cducvcnr-9dd3-438d-a503-tvviuyqunpmd,DqlEso
"Smg, Bui",xhyeqcha-c74c-42fd-bf69-ayzojlsggekw,BuiSmg
"Kyq, Bum",crojxlyw-8669-4313-bf0f-jzcckzzqeksz,BumKyq
"Rkx, Qio",nrwysvtx-49f5-4dca-8a63-unacgerofuwz,QioRkx
"Rkx, Qio",nrwysvtx-49f5-4dca-8a63-unacgerofuwz,QioRkx
"Rkx, Qio",nrwysvtx-49f5-4dca-8a63-unacgerofuwz,QioRkx
"Vcm, Eke",mspsdqiv-de0e-4399-97bc-aqqkfskomlzc,EkeVcm
"Vhr, Bvn",eithcxob-013b-4379-abfb-pvfqrpqzfvvh,BvnVhr
"Ltr, Wtx",hzgoctqh-cf1f-4195-8fe0-xooichywivzp,WtxLtr
"Tir, Ljk",zxvbbdxw-87cc-4f2b-aac1-vtjkyycqgxvd,LjkTir
"Jkj, Trk",wqqsdste-b37c-49f8-9826-ecogofynpqpe,TrkJkj
"Pol, Xsr",ligkakid-8900-4011-bae4-sgvzowtkatty,XsrPol
"Hrq, Yjq",tghhywxb-ccfb-4de4-beda-jfhfsdmsqeve,YjqHrq
"Ext, Hmh",nhrdcwap-0416-488d-bb30-rjyfasmlxzma,HmhExt
"Htl, Kmr",vpduwwbk-4c6d-4be2-8a37-vqqqyxvvqcoj,KmrHtl
"Htl, Kmr",vpduwwbk-4c6d-4be2-8a37-vqqqyxvvqcoj,KmrHtl
"Wre, Yvb",yscarkrr-cb55-4d5c-8612-tbymirrupohb,YvbWre
"Jif, Jlq",cxnlzdtf-de52-4ad6-b6c0-bkzahblcrqlq,JlqJif
"Cgu, Jgf",elhglbhj-8c1a-4eeb-b717-ennsrpjgvvam,JgfCgu
"Fuo, Gay",jcgecmoj-6f26-4a81-ac82-xjwziucucoig,GayFuo
"Alo, Pol",mmwextyk-5927-4f24-8aa8-wlsresuseocn,PolAlo
"Gfe, Nyv",ahkdvoyr-6166-4c82-a87b-nrjvioabgdhg,NyvGfe
"Khu, Qxv",dfpfzbwq-b60e-4a5b-93ae-xqrocucrhvcp,QxvKhu
"Khu, Qxv",dfpfzbwq-b60e-4a5b-93ae-xqrocucrhvcp,QxvKhu
"Khu, Qxv",dfpfzbwq-b60e-4a5b-93ae-xqrocucrhvcp,QxvKhu
"Rsv, Jkm",pzsljxvp-5861-4a85-9136-ktsbugbumsuo,JkmRsv
"Mdc, Wsv",mkiaqncu-d1db-460e-9886-vvbrjhqjfgpi,WsvMdc
"Xib, Lxn",iheverec-d13d-49b8-86a9-hrebgncxinfp,LxnXib
"Vbz, Yuq",byqjngmv-ed07-4949-a707-ympqyxopdobe,YuqVbz
"Vuu, Sqz",snixgysn-e442-4ce2-8b74-gtpkzvdagwur,SqzVuu
"Rof, Yzp",jarggnkb-e943-4189-b029-bbynbmclkllc,YzpRof
"Rof, Yzp",jarggnkb-e943-4189-b029-bbynbmclkllc,YzpRof
"Nsu, Kkp",ibzpjmbi-b3f1-4554-8e96-yjeibibjvaim,KkpNsu
"Vrg, Hag",hikajyej-776a-4a74-a411-ugkpjeetgyhp,HagVrg
"Anj, Lgr",lxzyiwqx-a6ac-481e-baef-ibjdsbxmysol,LgrAnj
"Kmw, Hoe",otrkxftc-8da5-42a1-8246-swbyypvokmta,HoeKmw
"Vce, Efz",blvsoipw-189f-414e-9043-gjoazkfyjkzi,EfzVce
"Wlu, Dov",cyyaqabn-5839-46ff-9a10-xfnbbggxdekm,DovWlu
"Wlu, Dov",cyyaqabn-5839-46ff-9a10-xfnbbggxdekm,DovWlu
"Wlu, Dov",cyyaqabn-5839-46ff-9a10-xfnbbggxdekm,DovWlu
"Gou, Xxm",mzapqsdw-110c-4114-a387-qmlbsgmhhtrm,XxmGou
"Qja, Dkd",kskmzwzm-db1f-4ce6-b3a1-qhzepsovyiia,DkdQja
"Qja, Dkd",kskmzwzm-db1f-4ce6-b3a1-qhzepsovyiia,DkdQja
"Qja, Dkd",kskmzwzm-db1f-4ce6-b3a1-qhzepsovyiia,DkdQja
"Hon, Bmw",wkwffsna-48ee-4d8b-b4b5-uruzkoafgbxv,BmwHon
"Owb, Zcy",wsdkldik-8550-428f-91e1-ghnwvbpxevub,ZcyOwb
"Owb, Zcy",wsdkldik-8550-428f-91e1-ghnwvbpxevub,ZcyOwb
"Owb, Zcy",wsdkldik-8550-428f-91e1-ghnwvbpxevub,ZcyOwb
"Msw, Emm",emeiyhdu-0692-4543-a128-hmzmtungbdrb,EmmMsw
"Msw, Emm",emeiyhdu-0692-4543-a128-hmzmtungbdrb,EmmMsw
"Cww, Vni",tzgzbhvp-95ba-4b1e-94a9-vfxpbjgocblj,VniCww
"Jeu, Yfk",plvtpohh-a8f3-4044-9fb4-ijwrlxosjgdz,YfkJeu
"Kth, Fdr",xxxtfsre-9cae-42f8-bbfa-tmipevejbczu,FdrKth
"Rpp, Yii",qbdwpsrr-b826-4720-b75e-wnnxufiilcab,YiiRpp
"Rpp, Yii",qbdwpsrr-b826-4720-b75e-wnnxufiilcab,YiiRpp
"Tlm, Zvk",ashgbymy-f06a-4c68-b2aa-kgmjhtxsplbc,ZvkTlm
"Csq, Gxm",zwyfeiku-01e2-44b1-a172-ujpmjrqbciqq,GxmCsq
"Bvr, Xky",trxjxljd-fa05-430b-b89e-auxflzmvvpua,XkyBvr
"Sne, Mqw",uxvzdsdr-7ae8-473f-b3dc-osjdaeaguaoo,MqwSne
"Ypw, Uej",msouemwm-1310-4a28-853a-aairemramwiz,UejYpw
"Olk, Zum",csosoohc-758c-4e89-b2d6-kcrtautixxoa,ZumOlk
"Nmb, Aph",jfizskmh-3630-486c-9e17-zgbrernhpgjz,AphNmb
"Nmb, Aph",jfizskmh-3630-486c-9e17-zgbrernhpgjz,AphNmb
"Nmb, Aph",jfizskmh-3630-486c-9e17-zgbrernhpgjz,AphNmb
"Nmb, Aph",jfizskmh-3630-486c-9e17-zgbrernhpgjz,AphNmb
"Pld, Rye",razzeteg-c699-4321-9d8e-wdhzmmdrlilu,RyePld
"Hnv, Net",tardqbcz-f326-4157-a4a4-lmkopevtqoit,NetHnv
"Czg, Jnc",rbnzmqrl-c86a-432e-a8e6-dwajgybrbnic,JncCzg
"Aav, Pts",dvrbcdqp-4528-4c21-b437-ugguuhtvmvnw,PtsAav
"Uur, Cml",gshtlhxp-f0d4-4ebf-8f9f-zshphxinhbeh,CmlUur
"Uur, Cml",gshtlhxp-f0d4-4ebf-8f9f-zshphxinhbeh,CmlUur
"Jif, Eli",wavjwokv-0074-496c-90a6-ywhtnepivxdk,EliJif
"Wfo, Nya",vttmqxkf-8a19-4936-9300-eludvawlrzui,NyaWfo
"Twg, Fls",xecchliy-7d21-4700-a1e4-wqzdswjcannk,FlsTwg
"Wzx, Gzs",xzxkcwei-014b-4138-8320-eryfedfizkau,GzsWzx
"Czh, Art",arzoqxiv-8502-4631-82a3-kuulgdfrqheo,ArtCzh
"Its, Mcq",bhfwpmvs-6aab-485b-aebb-spguhgrdlkae,McqIts
"Its, Mcq",bhfwpmvs-6aab-485b-aebb-spguhgrdlkae,McqIts
"Phm, Hll",dshpehhx-eb47-4aa6-8c4d-gkqtshqhlcbk,HllPhm
"Phm, Hll",dshpehhx-eb47-4aa6-8c4d-gkqtshqhlcbk,HllPhm
"Rdn, Gyc",tuvurwcb-3820-47fd-bec2-xmjxpdjnjiue,GycRdn
"Grh, Eix",vdfbgpai-773e-4d74-8599-vfqtyicsrxus,EixGrh
"Teq, Boj",akztiinc-af96-4f3d-90d8-jhblmkmtdlob,BojTeq
"Qcu, Xhl",sdueeuog-f03d-4453-90d0-elwbblmluxxd,XhlQcu
"Qcu, Xhl",sdueeuog-f03d-4453-90d0-elwbblmluxxd,XhlQcu
"Plg, Lju",qpiggqvq-0318-476e-a72f-mjxoidgopdwi,LjuPlg
"Oah, Wvr",ncrkfcya-bc1b-48dc-8c98-xhtmlemzudsz,WvrOah
"Otv, Egp",wrghbpzj-46aa-46e9-a39e-lmgqhsxvxqvw,EgpOtv
"Ori, Kyo",xlefgwrk-cf8c-4d4d-9129-klsswymefgua,KyoOri
"Djf, Ymi",mnixjepj-d466-4fd1-a51a-ddahrauetysr,YmiDjf
"Ncq, Zvz",yfumyzjp-8a46-4c7a-b2ab-anutuxgzbozn,ZvzNcq
"Sgi, Kiy",lpbelogc-2fab-459c-a0e2-struuwhditjs,KiySgi
"Alo, Zml",dnwayalu-e583-4633-8180-majugxjcggao,ZmlAlo
"Alo, Zml",dnwayalu-e583-4633-8180-majugxjcggao,ZmlAlo
"Alo, Zml",dnwayalu-e583-4633-8180-majugxjcggao,ZmlAlo
"Vfi, Hvn",lvnlpkkp-edf6-41f9-b5ff-ffaqpatlkbhh,HvnVfi
"Nhg, Sno",xcdonwjd-8826-494b-92b6-mlqsoalkwdwr,SnoNhg
"Qpc, Uxw",zvggqggi-d9dd-4519-a8cf-tmisrpiyyajm,UxwQpc
"Hlg, Ouu",zpstebxj-fe23-4287-8a74-frvlucldwwus,OuuHlg
"Fgu, Rfp",rqoxdhyx-ba33-4c65-9096-cnqobrpivugk,RfpFgu
"Cao, Ihu",hvgdliig-c2c3-4a9e-8a41-iozcojbdivmp,IhuCao
"Jwx, Cgu",mxdwpkgg-4c7e-4986-b9e6-jqarmvmoyjrv,CguJwx
"Gyg, Cyt",lcrbnmim-84e7-41ed-90ec-wwhjplbkkuqt,CytGyg
"Ycw, Stx",drikromc-6e12-4186-a810-dhbpbivsrdct,StxYcw
"Uyj, Zjd",vzkeunmj-a154-4d63-ac2c-atuyfqppnpqw,ZjdUyj
"Uyj, Zjd",vzkeunmj-a154-4d63-ac2c-atuyfqppnpqw,ZjdUyj
"Epy, Zdo",lnnkckvh-eb56-44ab-bfd0-wvmbzzflecre,ZdoEpy
"Qya, Ymz",tjbxzykt-2870-4cbb-af95-tffurfoihsnp,YmzQya
"Qya, Ymz",tjbxzykt-2870-4cbb-af95-tffurfoihsnp,YmzQya
"Fad, Kmy",vfsvmxld-64e0-4ee6-8e4a-flfgralubycm,KmyFad
"Fad, Kmy",vfsvmxld-64e0-4ee6-8e4a-flfgralubycm,KmyFad
"Ovx, Dcn",ojshegww-ae3b-4383-9dfc-dzuslftqsijt,DcnOvx
"Rql, Blm",tuvplmhq-ef5e-43f3-81f2-uprscrzmjktu,BlmRql
"Ssz, Eaj",smgffzir-4344-46f8-b4fa-tfjrqylfazyh,EajSsz
"Heh, Cvn",xzcyuygg-6dbc-4ac2-b4fb-fbdppurhdwum,CvnHeh
"Hsf, Tlq",vjtzwgiq-7ac9-4d9c-a3cb-ocsfhkzqnepu,TlqHsf
"Qde, Xem",pblahytr-eae5-4fe6-94ec-jlrgraydrqng,XemQde
"Ind, Gbz",dohrjwpg-a491-4c60-a1d2-prsmgpqwuexf,GbzInd
"Fgl, Bmj",kudmaxkc-392d-4871-ab3d-sgcvdyujnwtj,BmjFgl
"Zow, Hhn",xqkbcymo-2f42-40f5-afd1-hnnfmdjrceiw,HhnZow
"Pqa, Mng",rzoqjmoh-d9e5-4d61-84e2-ztqonorenwpb,MngPqa
"Fau, Col",mdyjmtoh-f553-4231-84ab-canrzrrpqpwo,ColFau
"Fau, Col",mdyjmtoh-f553-4231-84ab-canrzrrpqpwo,ColFau
"Xvz, Ujh",vlokbnfh-9deb-4e28-9305-hxxbcsclilvo,UjhXvz
"Xvz, Ujh",vlokbnfh-9deb-4e28-9305-hxxbcsclilvo,UjhXvz
"Xvz, Ujh",vlokbnfh-9deb-4e28-9305-hxxbcsclilvo,UjhXvz
"Kjc, Ufu",aakapnot-30a5-430f-b7ba-myjdikowkdgv,UfuKjc
"Ftl, Rxp",ibxbpqhj-166a-42e2-b981-scinuxqumjkj,RxpFtl
"Bro, Dzq",lizdikvv-2146-43b8-8f65-fudvkfkurisw,DzqBro
"Twe, Wob",wlmapgnw-bf0b-48ad-8170-xtpqdyicxxap,WobTwe
"Swz, Pop",fohjowpl-e0ea-4ffd-9f56-drudqdykscrm,PopSwz
"Uqx, Hko",vnailpqq-5625-4f51-a260-phveywkpvnzv,HkoUqx
"Uqx, Hko",vnailpqq-5625-4f51-a260-phveywkpvnzv,HkoUqx
"Qfn, Xqw",tglatfxu-6583-44c6-a8c3-mjdkuyaymcdp,XqwQfn
"Qfn, Xqw",tglatfxu-6583-44c6-a8c3-mjdkuyaymcdp,XqwQfn
"Qfn, Xqw",tglatfxu-6583-44c6-a8c3-mjdkuyaymcdp,XqwQfn
"Juh, Szc",jgosibxw-9222-4dcf-9cee-kmknwjtdvckz,SzcJuh
"Hzt, Jxw",vtveglgd-7933-415c-b138-umqcrgvquunp,JxwHzt
"Bqm, Vpa",lkxjayga-3182-4988-b104-tovgozkfvgfa,VpaBqm
"Cls, Uem",vlfxhifv-da8c-4008-9940-jehzptonwcii,UemCls
"Eqi, Ckz",aibcudaj-8846-4fee-b1c2-hrkylwhhqijn,CkzEqi
"Onf, Sbj",ikhlqtqk-9040-4c21-a10d-fgjyjiqblzvk,SbjOnf
"Jdq, Sez",yfeecuqz-f91a-4e97-bbd1-aeephbhabetx,SezJdq
"Hjo, Edv",mmarjttj-edf8-4ab1-a91e-ugqmazxdyppx,EdvHjo
"Rft, Mre",rkvwbjow-e186-44b2-8186-msahtagsqhat,MreRft
"Rft, Mre",rkvwbjow-e186-44b2-8186-msahtagsqhat,MreRft
"Ewj, Rfv",nvndxkyy-427b-41ad-949b-jupvgfgzycgw,RfvEwj
"Iiy, Vjw",wbnslsym-4cb6-46f2-9f0c-jwbpxepnalmj,VjwIiy
"Awt, Yce",zcktunpe-505c-4ae8-a37b-qhmicqfqwbhs,YceAwt
"Iks, Dlk",yiepgjej-783d-4dcc-ab3f-fmfzoatqaxjc,DlkIks
"Iks, Dlk",yiepgjej-783d-4dcc-ab3f-fmfzoatqaxjc,DlkIks
"Wrl, Kny",qvhfbopt-f658-4235-8292-zglxgbiugwii,KnyWrl
"Apg, Oul",miwghxre-4d82-4041-b265-irtzxnxtmyiz,OulApg
"Hzd, Ulu",nsvifkaa-b2be-4c83-9c0d-iflqlkigniyz,UluHzd
"Irz, Lmz",hxiplrvo-442c-4eb2-b0b1-srpktmrkigbb,LmzIrz
"Fdr, Uve",jcsgibwh-a36b-40fa-afc3-ezfqhbthpkxi,UveFdr
"Fdr, Uve",jcsgibwh-a36b-40fa-afc3-ezfqhbthpkxi,UveFdr
"Yuz, Klz",qmqaiykl-a4c1-42af-926c-oydlxqeftmpe,KlzYuz
"Fyd, Zqj",zovngoms-f87a-4254-ae57-matydjfbqtck,ZqjFyd
"Fyd, Zqj",zovngoms-f87a-4254-ae57-matydjfbqtck,ZqjFyd
"Sha, Oga",txupsaoa-d440-455b-aa89-jtoklxwepgot,OgaSha
"Whz, Dyf",grifmmth-e180-43b9-a5fc-hqninduwgakp,DyfWhz
"Whz, Dyf",grifmmth-e180-43b9-a5fc-hqninduwgakp,DyfWhz
"Whz, Dyf",grifmmth-e180-43b9-a5fc-hqninduwgakp,DyfWhz
"Iph, Efe",skluzqjk-496e-4c94-81db-edgebrznxaqi,EfeIph
"Xsm, Xpj",txayxaio-ce79-4ba0-81bf-frktifkquyqa,XpjXsm
"Llt, Nlt",jkfqewff-7cd3-45fa-b90d-vftmlvrudyxd,NltLlt
"Llt, Nlt",jkfqewff-7cd3-45fa-b90d-vftmlvrudyxd,NltLlt
"Ahe, Nwx",ywoofpcd-52ca-4127-9c0a-hehyavhpewkg,NwxAhe
"Lwl, Swj",pkpvzmwq-3611-48de-a166-mrrjcvvtaxue,SwjLwl
"Lwl, Swj",pkpvzmwq-3611-48de-a166-mrrjcvvtaxue,SwjLwl
"Ibo, Zbn",dsrjqxyg-a637-417d-86e9-ardwruhzgrku,ZbnIbo
"Pqd, Tci",tsnsvnsg-3318-4d7b-b312-ggfdyhswxakp,TciPqd
"Zbg, Jwm",jxjbeufg-6740-4608-adc9-jfwrbuoyiezv,JwmZbg
"Agk, Zsf",snpumpxg-e099-43fa-b7cb-hrsqbnxyslxz,ZsfAgk
"Agk, Zsf",snpumpxg-e099-43fa-b7cb-hrsqbnxyslxz,ZsfAgk
"Nzl, Tuo",ojkxthzo-236b-40ae-9666-umexjlyzofcd,TuoNzl
"Nzl, Tuo",ojkxthzo-236b-40ae-9666-umexjlyzofcd,TuoNzl
"Jhp, Eqj",trmabvuf-bd73-4bfa-a227-gkqdtsjccmue,EqjJhp
"Jhp, Eqj",trmabvuf-bd73-4bfa-a227-gkqdtsjccmue,EqjJhp
"Jhp, Eqj",trmabvuf-bd73-4bfa-a227-gkqdtsjccmue,EqjJhp
"Nnw, Vpe",bjvjhomn-8bc9-4d93-b589-zuazckrbzcbs,VpeNnw
"Gim, Hir",gbqaoryg-62f0-4664-8a5f-ozpiowhfivgo,HirGim
"Gim, Hir",gbqaoryg-62f0-4664-8a5f-ozpiowhfivgo,HirGim
"Gfj, Gio",vkztaqjz-7137-4e32-919c-dmrsngnncwcn,GioGfj
"Aoc, Tlt",ycrckxoq-76e1-4726-96d1-ignujnsjadad,TltAoc
"Lyc, Gzq",jmheyrni-5953-4867-9e05-rpnnerjusvbz,GzqLyc
"Kva, Bbz",ukhxfflp-f227-4136-811b-apjkopemsmww,BbzKva
"Jco, Qcj",lwfgvfoo-d281-4c54-9ffe-mzvgydcdjzzo,QcjJco
"Jco, Qcj",lwfgvfoo-d281-4c54-9ffe-mzvgydcdjzzo,QcjJco
"Jco, Qcj",lwfgvfoo-d281-4c54-9ffe-mzvgydcdjzzo,QcjJco
"Qzs, Bhp",gvmabmve-847f-4436-b49d-vqsasjwfmlfi,BhpQzs
"Qzs, Bhp",gvmabmve-847f-4436-b49d-vqsasjwfmlfi,BhpQzs
"Yet, Sce",louakwdi-5241-4f38-907e-voenziveyazt,SceYet
"Rmn, Uss",bzpejgwx-d518-42b5-b1d4-vhqkwwylmpcu,UssRmn
"Nof, Prv",rnkauytt-7480-464b-a94e-zbmickdskdkc,PrvNof
"Ics, Klw",ucqqzbya-4b32-453b-8dc5-rueshewiggkk,KlwIcs
"Paw, Zbx",hxwmdvdt-58f9-4495-b127-vwwebpxfdwta,ZbxPaw
"Paw, Zbx",hxwmdvdt-58f9-4495-b127-vwwebpxfdwta,ZbxPaw
"Odb, Kqb",zojwtcqt-a8b2-4bd6-8b77-lsisdosatnwt,KqbOdb
"Trt, Ybo",ykpvvivr-4f67-4ca6-a59a-vaocaojcnsis,YboTrt
"Nvw, Xiu",bzhqvfax-3055-4985-8f31-litybkfagzhv,XiuNvw
"Oeg, Ike",fhxdkupb-03e4-48a5-91c7-uouckraxyvdg,IkeOeg
"Oeg, Ike",fhxdkupb-03e4-48a5-91c7-uouckraxyvdg,IkeOeg
"Oeg, Ike",fhxdkupb-03e4-48a5-91c7-uouckraxyvdg,IkeOeg
"Cms, Xps",fgnwlbbj-8162-4c1d-ad0f-lnvjrmdahitf,XpsCms
"Msx, Ibb",fuhxzvun-097e-4587-a5b1-myfujexkvrlt,IbbMsx
"Ghx, Yea",tnocljbh-3aa9-4e5c-af79-mmjfxyjlqzom,YeaGhx
"Ghx, Yea",tnocljbh-3aa9-4e5c-af79-mmjfxyjlqzom,YeaGhx
"Ogd, Khh",gbpbzcqx-0855-469a-9aff-twpuxckodzbr,KhhOgd
"Ogd, Khh",gbpbzcqx-0855-469a-9aff-twpuxckodzbr,KhhOgd
"Tsg, Aoj",znyfteuf-5726-4122-90b3-tawemdyzuwoz,AojTsg
"Mtj, Cgg",qxtxricf-f1eb-4622-b209-ljfzifnpcxac,CggMtj
"Joz, Fsw",shsmcbxl-f3a1-4dba-ac32-ypppddbiquxq,FswJoz
"Joz, Fsw",shsmcbxl-f3a1-4dba-ac32-ypppddbiquxq,FswJoz
"Pws, Icu",bcbayaym-d9a0-4894-80a9-ylfrrehxkgqi,IcuPws
"Xpb, Vhr",qjbpmufl-0969-42d7-9373-tynzypgtrlkj,VhrXpb
"Wtj, Ctx",gfnywbyw-9fd8-40b1-b360-fgecwsnwyijw,CtxWtj
"Wtj, Ctx",gfnywbyw-9fd8-40b1-b360-fgecwsnwyijw,CtxWtj
"Qzi, Lgm",hxikmilo-9d40-4b68-a01a-zobdbpueqkun,LgmQzi
"Rpd, Dho",hwuesbry-cae3-48e5-a44f-tjnflxdelewj,DhoRpd
"Rpd, Dho",hwuesbry-cae3-48e5-a44f-tjnflxdelewj,DhoRpd
"Waq, Tat",kvhlanai-080f-4e90-b934-sejhxbezfgbn,TatWaq
"Vpz, Pfh",rajzwozi-c296-4a03-8da3-wtszlefsvpla,PfhVpz
"Dsh, Kvo",ubgefgpr-ead1-4e74-a480-dhehphuxehuf,KvoDsh
"Dsh, Kvo",ubgefgpr-ead1-4e74-a480-dhehphuxehuf,KvoDsh
"Hkr, Yro",ogcdwufj-b66c-4d5b-bbea-ijrkwmjgveax,YroHkr
"Rzd, Hdh",jfwmufoc-ae57-4d93-b3c1-heahjmhddulz,HdhRzd
"Kih, Ihc",hunoenwy-ee45-4089-99a7-shkactfcpvzg,IhcKih
"Kih, Ihc",hunoenwy-ee45-4089-99a7-shkactfcpvzg,IhcKih
"Mjl, Xzs",dqaybhij-e6ea-44a0-99ae-cyejxsinbuqw,XzsMjl
"Opx, Ern",kjlucehy-9962-4657-b44c-slqoizenvptz,ErnOpx
"Ewy, Rre",nmmxxfoh-391d-4a59-b52c-jtsqrficlorb,RreEwy
"Bmh, Byj",yiyzhgfm-9993-4144-ac5b-onwfjpqbhwvw,ByjBmh
"Gmp, Cto",dtzrywty-3c9c-470b-84e5-nokpbtvzvahc,CtoGmp
"Knu, Qlp",kacsmiya-c742-4a5e-8d17-xdwfypsksmeu,QlpKnu
"Xts, Iir",cpxwgzda-650b-44fc-a699-bwqmvsvbtpzu,IirXts
"Rbm, Wcp",ypeyzcck-522f-44b8-a1c1-xloewnyejkgi,WcpRbm
"Fgu, Mcc",iviiszsp-5ed4-4683-9a4c-vvxzcxshrlas,MccFgu
"Uax, Qlt",crgqrapc-553a-40ef-8c9d-vlgkcefkbtfh,QltUax
"Jwy, Gkg",jeacyuox-19bc-4af9-9ad3-kblihttqpujq,GkgJwy
"Jwy, Gkg",jeacyuox-19bc-4af9-9ad3-kblihttqpujq,GkgJwy
"Qma, Pca",juogqwxq-e574-4b2f-9592-uknzyzkifzac,PcaQma
"Qma, Pca",juogqwxq-e574-4b2f-9592-uknzyzkifzac,PcaQma
"Hac, Hik",sqmvvljk-2566-4625-85d9-ktjnzxpnpqfp,HikHac
"Dfz, Xoa",yxuwwmsm-e684-4bab-b07b-wburfrraaskx,XoaDfz
"Kap, Rtz",gvzsmmnc-9855-46a0-9af0-jtembgfxmufd,RtzKap
"Pfk, Ndj",sdcngdjb-92c8-47b0-add8-jakllwhzttuq,NdjPfk
"Vdo, Syn",pyiiktpl-aeb4-44a5-9543-ufuuohvjaxse,SynVdo
"Kbj, Xhy",fgginnmu-cebd-4fab-bab0-sqkvdyesyktl,XhyKbj
"Kbj, Xhy",fgginnmu-cebd-4fab-bab0-sqkvdyesyktl,XhyKbj
"Its, Udn",luvbizbe-71e4-468a-b06e-ykfcwjjmyjxh,UdnIts
"Its, Udn",luvbizbe-71e4-468a-b06e-ykfcwjjmyjxh,UdnIts
"Mef, Wvx",nidexpmj-f641-4461-94f4-lsstxkzddcam,WvxMef
"Gvf, Eza",msmmiglt-a8db-4d90-8c85-nprlxwdlgvte,EzaGvf
"Uxl, Orv",drmkdjsz-1ad9-4700-81c5-pdgttsyaknhv,OrvUxl
"Uvs, Yxg",jxljmzyr-a354-4459-b1f5-cxwcocfslwfj,YxgUvs
"Bsc, Bfy",smixnjid-71f4-44fc-94f0-oyhvyfnugyzs,BfyBsc
"Tec, Epu",abpnxlcq-c52f-49e3-9f0d-bynpfrtwspso,EpuTec
"Eot, Nmv",araplzys-2e01-4bc1-b1cc-xsbqrygtqpgf,NmvEot
"Eot, Nmv",araplzys-2e01-4bc1-b1cc-xsbqrygtqpgf,NmvEot
"Ejl, Qhh",cbhyimbd-884e-45c6-af97-jbstsakzjzrx,QhhEjl
"Fin, Oen",clkkbkgt-9b63-4463-b22a-rnluzzwydhix,OenFin
"Fdg, Iae",ifujruij-6185-4f51-8268-czikiunthfsk,IaeFdg
"Fdg, Iae",ifujruij-6185-4f51-8268-czikiunthfsk,IaeFdg
"Brr, Xgb",nryxgalg-78a1-4b69-acd6-saqztgmgqbim,XgbBrr
"Brr, Xgb",nryxgalg-78a1-4b69-acd6-saqztgmgqbim,XgbBrr
"Brr, Xgb",nryxgalg-78a1-4b69-acd6-saqztgmgqbim,XgbBrr
"Awv, Ntw",qgppzcmk-5922-45eb-813b-edwxzmbhrwsq,NtwAwv
"Awv, Ntw",qgppzcmk-5922-45eb-813b-edwxzmbhrwsq,NtwAwv
"Dag, Uqu",dkmgkyfo-b588-442a-bbcf-xisvvizseizu,UquDag
"Cyf, Hpx",kedhnaot-9471-4d4e-89ab-bjcygaejwmul,HpxCyf
"Cyf, Hpx",kedhnaot-9471-4d4e-89ab-bjcygaejwmul,HpxCyf
"Jjc, Xxx",qnkebdrt-1a8f-4374-b31f-atiuijfgeegg,XxxJjc
"Xpp, Eqe",tqaczwsq-9880-4195-97a2-obxnlotrlczt,EqeXpp
"Efa, Clu",amcwbhtv-db87-4f4d-995f-eqayttfgcdps,CluEfa
"Efa, Clu",amcwbhtv-db87-4f4d-995f-eqayttfgcdps,CluEfa
"Zbd, Tvp",zurllhps-adb8-483f-af39-dqplnlviheyf,TvpZbd
"Ivb, Jtp",dqqyjjmh-8014-462b-93ca-wviucjilulhz,JtpIvb
"Ekd, Quy",zwnskjkk-b420-4945-aa64-ftlakmnzfjuw,QuyEkd
"Efx, Nxn",cdwrfxmp-5c88-4f89-850d-qawpvuksroto,NxnEfx
"Ope, Tkn",xhuobzgq-b358-4190-a700-fxhfjxivgdho,TknOpe
"Pyt, Qcx",izbtazwy-1fdc-4d45-98a6-mxwybumlbjgm,QcxPyt
"Pyt, Qcx",izbtazwy-1fdc-4d45-98a6-mxwybumlbjgm,QcxPyt
"Pyt, Qcx",izbtazwy-1fdc-4d45-98a6-mxwybumlbjgm,QcxPyt
"Pex, Igm",qsiogehq-9a6b-4282-854c-nhkeigjdugxy,IgmPex
"Sgc, Mri",bdsgrmiv-35dc-4d8f-b933-povzdeatuusw,MriSgc
"Sep, Cjs",etcvdlzo-38c8-4e88-b2d1-hkjuxclmopsb,CjsSep
"Ans, Zlt",qxcwawcp-be48-4e35-b513-kmzsekuhfgzf,ZltAns
"Nhk, Xra",pfzlxman-7029-4d68-8dbb-qhnlsgptwpuc,XraNhk
"Jyr, Jmi",cakyvtbn-2445-45de-99e9-ukpazsxjyuqh,JmiJyr
"Xbk, Pdo",sgutgmys-3c3a-46de-8dfd-ytoqmeljlspg,PdoXbk
"Xbk, Pdo",sgutgmys-3c3a-46de-8dfd-ytoqmeljlspg,PdoXbk
"Xbk, Pdo",sgutgmys-3c3a-46de-8dfd-ytoqmeljlspg,PdoXbk
"Sor, Yba",kuxbsteb-e8df-4aa2-89f4-efqyxxtpzmrx,YbaSor
"Evo, Ffm",dfhoiqul-2aca-4545-82af-rynrbazdedjc,FfmEvo
"Fvy, Nee",iyhgvtjy-8922-430d-8191-qgeupaudtufe,NeeFvy
"Fvy, Nee",iyhgvtjy-8922-430d-8191-qgeupaudtufe,NeeFvy
"Wwx, Uzd",lcjsrjkj-c8b0-4a24-81f5-jsgngnacznvr,UzdWwx
"Vkb, Jqu",lrhfoina-037d-43d3-b4ff-idqpyaqjswpz,JquVkb
"Vkb, Jqu",lrhfoina-037d-43d3-b4ff-idqpyaqjswpz,JquVkb
"Vkb, Jqu",lrhfoina-037d-43d3-b4ff-idqpyaqjswpz,JquVkb
"Aiu, Yml",mjkzojzh-dc04-4e1e-b0be-wtizupvostzm,YmlAiu
"Itv, Rxx",pccvtzeh-f9b8-4bac-9445-tajlmwgtmmff,RxxItv
"Itv, Rxx",pccvtzeh-f9b8-4bac-9445-tajlmwgtmmff,RxxItv
"Ykd, Hlu",jnltwqrb-73eb-4393-9622-ajehpijbhpsh,HluYkd
"Ykd, Hlu",jnltwqrb-73eb-4393-9622-ajehpijbhpsh,HluYkd
"Ykd, Hlu",jnltwqrb-73eb-4393-9622-ajehpijbhpsh,HluYkd
"Oaf, Gfs",vfyvfbxu-0b6b-4cdf-9130-agkfuldqtujo,GfsOaf
"Ewa, Tpg",xmhfckos-2cc8-4f58-9eed-oxjvvlojysnl,TpgEwa
"Bha, Ylc",yqcypnsm-8dfe-4467-99eb-ssgdccnklqgl,YlcBha
"Hyx, Fpy",zpihnmxd-93ae-4519-985b-xcnrudprgrep,FpyHyx
"Hyx, Fpy",zpihnmxd-93ae-4519-985b-xcnrudprgrep,FpyHyx
"Kvy, Zhb",zzgrlejp-5421-4b3b-aab2-smgnqnuxnygn,ZhbKvy
"Kvy, Zhb",zzgrlejp-5421-4b3b-aab2-smgnqnuxnygn,ZhbKvy
"Kvy, Zhb",zzgrlejp-5421-4b3b-aab2-smgnqnuxnygn,ZhbKvy
"Rgv, Qng",fuhugise-35b4-4a8a-bb68-iiawgfqfbdjg,QngRgv
"Rem, Vzu",qzltljqe-2391-4fd8-83f3-flrjqjodobou,VzuRem
"Sxv, Vpw",wazkruww-b828-4254-b0fa-uxexfpgblumr,VpwSxv
"Sxv, Vpw",wazkruww-b828-4254-b0fa-uxexfpgblumr,VpwSxv
"Ftn, Jos",ohtengjh-f6c5-4292-b0ae-jhvcyvmnxhcx,JosFtn
"Tdh, Fbo",diylbpeo-2f9f-4a6c-a6ef-ouwnixegssza,FboTdh
"Tdh, Fbo",diylbpeo-2f9f-4a6c-a6ef-ouwnixegssza,FboTdh
"Uil, Yit",wbccsobt-a31c-41a6-971a-owuzrfnmzmrv,YitUil
"Uil, Yit",wbccsobt-a31c-41a6-971a-owuzrfnmzmrv,YitUil
"Uil, Yit",wbccsobt-a31c-41a6-971a-owuzrfnmzmrv,YitUil
"Rwu, Nbx",jmrtlrry-5eb0-4065-8770-gzfsylpmnqib,NbxRwu
"Rsd, Lnd",wawrpvur-ab70-4bdb-ac3f-fnjcizkselsp,LndRsd
"Hzg, Vln",vcwzfrwx-1341-43ef-ad2a-qanyqwuvycro,VlnHzg
"Uvk, Vfg",zcwnwsbs-9cd1-41d6-9608-omdsexazwimh,VfgUvk
"Bym, Evw",xjnaslso-d55e-487a-8a9c-wgozgqrafmcv,EvwBym
"Xzo, Pak",qnfzjbwt-c883-4860-bc5e-dqtvnulxjbpa,PakXzo
"Xfa, Puq",rajyeium-1880-4a57-a114-llsxlzereqqe,PuqXfa
"Qge, Cgx",ajwpjjyq-21a6-44d6-ae8c-eahmkqmjadxh,CgxQge
"Xvq, Ibc",jwwexnki-7e93-4a36-8ac3-hgpdvzeuwkjo,IbcXvq
"Eag, Zps",aqmdkjse-eabc-4922-b79b-cgvfwwpsfrjm,ZpsEag
"Eag, Zps",aqmdkjse-eabc-4922-b79b-cgvfwwpsfrjm,ZpsEag
"Kwm, Dpb",hapombww-3ed2-4e91-83a3-gbxrzpexgxck,DpbKwm
"Mkk, Poj",oxpzndju-be21-4756-90b6-zhwsuslqyrwc,PojMkk
"Shs, Vni",ievgyhfq-8ec2-4864-8d02-prwyxjkobhrz,VniShs
"Wht, Luv",ldnvedob-1485-4dd0-9d93-qlehswgjwxqh,LuvWht
"Xoi, Oce",ertkdvwi-c508-4a06-a272-hrbuydrdgpzn,OceXoi
"Cur, Cke",reljzzpy-7ec5-4c4a-9946-qizdcmksazny,CkeCur
"Cur, Cke",reljzzpy-7ec5-4c4a-9946-qizdcmksazny,CkeCur
"Xfz, Vsx",uiqrtdjg-56e6-4641-a6ab-cuvkaggntxfs,VsxXfz
"Xfz, Vsx",uiqrtdjg-56e6-4641-a6ab-cuvkaggntxfs,VsxXfz
"Lbe, Smp",purqhwyb-0427-4309-a752-nuzzxmelhiem,SmpLbe
"Lbe, Smp",purqhwyb-0427-4309-a752-nuzzxmelhiem,SmpLbe
"Znm, Gvw",svphnyoz-0095-4742-b21f-baliubushuhc,GvwZnm
"Znm, Gvw",svphnyoz-0095-4742-b21f-baliubushuhc,GvwZnm
"Zuv, Jsh",ihgsryku-73ba-4150-a714-vqtpijqxluvi,JshZuv
"Raf, Kaq",qfgeaegm-0034-44fd-8896-qggvnaqaridg,KaqRaf
"Raf, Kaq",qfgeaegm-0034-44fd-8896-qggvnaqaridg,KaqRaf
"Urc, Bvq",qywpjbcp-f993-48ae-a520-rjtcshjzdegu,BvqUrc
"Ieu, Unl",loageznn-731a-40bc-bc9d-lexnkrxpyigw,UnlIeu
"Qpo, Flr",bosaonrp-1519-48eb-b3e6-gjxnainetupc,FlrQpo
"Mfp, Rab",vxcuyzvy-eddd-4278-9b99-zfsjpkseqnfe,RabMfp
"Zfa, Gfb",aybgpjqw-7975-4b3b-ab73-ufclcxxuwwyt,GfbZfa
"Zfa, Gfb",aybgpjqw-7975-4b3b-ab73-ufclcxxuwwyt,GfbZfa
"Wqi, Adb",yrfufgsp-bfc5-4629-a6e5-ieloxuivhlau,AdbWqi
"Oda, Pua",fpagcpkt-c238-45ca-bc7d-vveqljjjjjvi,PuaOda
"Tuh, Ycl",gscxrcky-a251-4b77-a19f-ebaqtfekzcrq,YclTuh
"Xmi, Yzf",yqnudded-73a4-49fa-8de4-nqzwvtdamddh,YzfXmi
"Dxq, Yot",ovmzonar-11c2-4ebe-a85b-eipifsajqqfw,YotDxq
"Dxq, Yot",ovmzonar-11c2-4ebe-a85b-eipifsajqqfw,YotDxq
"Vru, Uck",muatewgo-deca-4afc-8087-nrcxevdxxasq,UckVru
"Zeu, Rkm",nmfckylu-0c03-4009-833f-opsayhthkygf,RkmZeu
"Ljd, Aij",dcbjcnxo-2c71-4df7-b135-khthsrfecjtk,AijLjd
"Jtf, Znt",tfxaqxjm-d404-454b-8be0-cliqwdqhlodd,ZntJtf
"Npk, Eox",wblhlebh-44c1-4796-b2bb-cpxmbtfivwhw,EoxNpk
"Npk, Eox",wblhlebh-44c1-4796-b2bb-cpxmbtfivwhw,EoxNpk
"Vqs, Nod",nkmtjymv-91a7-4298-ac35-ymomufriyygw,NodVqs
"Yny, Dcs",wntesmic-695f-435d-bd0f-tveknkaqiwwc,DcsYny
"Wfw, Tfi",ctxsmrpy-6451-4425-83c4-ldzxmgehsbow,TfiWfw
"Ijr, Dbd",exxihhfy-1576-435f-a934-bdakiznnpodq,DbdIjr
"Ijr, Dbd",exxihhfy-1576-435f-a934-bdakiznnpodq,DbdIjr
"Eof, Hgk",lztccyvh-7bc2-44d0-a44b-deihpszwwewg,HgkEof
"Eof, Hgk",lztccyvh-7bc2-44d0-a44b-deihpszwwewg,HgkEof
"Eof, Hgk",lztccyvh-7bc2-44d0-a44b-deihpszwwewg,HgkEof
"Xkw, Uze",fadqhkkj-5950-4e17-862a-xefwkaavtagp,UzeXkw
"Npq, Bve",jenyepwv-395a-4ce4-af32-pqtxopbdzfqo,BveNpq
"Yoe, Kkj",pprzkjlc-1bcb-44fa-a544-lgtikhgeoygi,KkjYoe
"Lad, Eaw",fszhgocp-d512-4694-a7cb-ouvdfjejvizu,EawLad
"Lad, Eaw",fszhgocp-d512-4694-a7cb-ouvdfjejvizu,EawLad
"Lad, Eaw",fszhgocp-d512-4694-a7cb-ouvdfjejvizu,EawLad
"Frj, Xzi",juwddjhc-2857-4bc5-ba45-taxfgcfdsztn,XziFrj
"Imi, Qvj",sfadvlps-91e5-4377-b871-hffypbngzuvq,QvjImi
"Liq, Uuj",jafumeek-3d24-4383-9f3c-pnlrrajosvrk,UujLiq
"Liq, Uuj",jafumeek-3d24-4383-9f3c-pnlrrajosvrk,UujLiq
"Lug, Lvu",kwmfxhql-ee51-4835-8af4-uuwrqkvwxhek,LvuLug
"Bqu, Vmw",kbhsndyl-cfec-43c6-a620-nqspyzrfurot,VmwBqu
"Nst, Ymm",ehtkucgo-af11-4105-a354-nbfkhzqiauwh,YmmNst
"Nst, Ymm",ehtkucgo-af11-4105-a354-nbfkhzqiauwh,YmmNst
"Xys, Dtg",igscpswi-38ff-4ef9-adc6-szgnfaxbfkhc,DtgXys
"Xys, Dtg",igscpswi-38ff-4ef9-adc6-szgnfaxbfkhc,DtgXys
"Xys, Dtg",igscpswi-38ff-4ef9-adc6-szgnfaxbfkhc,DtgXys
"Xys, Dtg",igscpswi-38ff-4ef9-adc6-szgnfaxbfkhc,DtgXys
"Acb, Xfb",gvtofxul-64bf-42b2-ae10-gigorzptvuye,XfbAcb
"Acb, Xfb",gvtofxul-64bf-42b2-ae10-gigorzptvuye,XfbAcb
"Yjf, Wfo",wmpefhti-3bd3-4f1c-8e66-jtsojnnbmuqa,WfoYjf
"Hff, Jzw",qznppkbx-1998-478c-a189-hpmbfpysqovp,JzwHff
"Vdc, Ypg",dbfhixwr-8742-4584-aa96-ceoykjjynbpd,YpgVdc
"Mgi, Ush",egycuxhy-03ad-4a63-b6a9-aqlzipyaqmin,UshMgi
"Byo, Vba",ltghofby-890c-4b0b-a55a-phswvtdfsval,VbaByo
"Vdh, Goi",ilijpqqq-4b50-47b3-beeb-utecvmfjjiud,GoiVdh
"Exx, Rgb",otdugxkc-0ff3-48c5-868e-oivrcgqrzxlr,RgbExx
"Xoa, Qgj",bmiegmhl-bbe0-4726-8e3f-fyxcdihxwnxe,QgjXoa
"Svo, Tbw",yxscgrri-223b-499b-8323-pxdntdpricss,TbwSvo
"Whw, Ewh",wlgevebf-899c-4b26-93b6-vniovpzqbrfo,EwhWhw
"Mpv, Bfn",uspvbzdt-d9cb-4498-aef6-ukxsfcxlxizo,BfnMpv
"Mpv, Bfn",uspvbzdt-d9cb-4498-aef6-ukxsfcxlxizo,BfnMpv
"Mpv, Bfn",uspvbzdt-d9cb-4498-aef6-ukxsfcxlxizo,BfnMpv
"Oab, Rve",rpkqfarx-0fa6-4f00-a022-krvraaaewfpb,RveOab
"Oab, Rve",rpkqfarx-0fa6-4f00-a022-krvraaaewfpb,RveOab
"Ceq, Qcs",fzoqxiqh-5933-4324-af31-yyizzzlsbhfv,QcsCeq
"Chp, Uns",jfyfixsb-09d0-496c-94a0-xebsgrriqdas,UnsChp
"Ajr, Pzl",qpxwkbbb-d2f5-48e8-ba83-tdoagoksxctc,PzlAjr
"Iiw, Weg",hxomctoq-b971-4a1c-83c3-wgrvfnwooswi,WegIiw
"Iiw, Weg",hxomctoq-b971-4a1c-83c3-wgrvfnwooswi,WegIiw
"Iiw, Weg",hxomctoq-b971-4a1c-83c3-wgrvfnwooswi,WegIiw
"Zzj, Cym",eikwswfu-4646-4f57-9447-jixguwlydwfd,CymZzj
"Xlc, Dqz",nfoztazd-6c08-4f24-a09c-xihcaldbtnel,DqzXlc
"Nnf, Tpy",paroleww-4ac9-45f3-8cbf-fycljmdwnuva,TpyNnf
"Nnf, Tpy",paroleww-4ac9-45f3-8cbf-fycljmdwnuva,TpyNnf
"Nnf, Tpy",paroleww-4ac9-45f3-8cbf-fycljmdwnuva,TpyNnf
"Vfm, Hvh",zpbzvqvk-2cce-4ada-a2ab-mqrenfkmmlpb,HvhVfm
"Gbj, Tii",dhmtndry-dae4-462d-8353-twigybkkszkf,TiiGbj
"Xud, Dye",iofxktxq-c2ec-43ed-87ff-sffofaloxynz,DyeXud
"Xud, Dye",iofxktxq-c2ec-43ed-87ff-sffofaloxynz,DyeXud
"Kcs, Dtb",znhilygh-937b-45ab-9524-owuorhfibhaw,DtbKcs
"Hgv, Veq",codihloe-5b07-47e5-ada8-qzowpoprznot,VeqHgv
"Vtu, Pww",ozjgjqva-3cb8-466e-8e49-pnpqjsjjludg,PwwVtu
"Knq, Hyi",npgtqanw-abfa-46e0-a066-zmcearlgyygl,HyiKnq
"Sjq, Ynq",iwzynkda-60bf-43ce-8f83-ivbbbdhzwwud,YnqSjq
"Qyn, Knt",tugatzsr-d7e4-495f-a18b-xudatmvpuxoc,KntQyn
"Czg, Vrs",jdcqhbmo-b6b1-4789-85c6-mxlfxxsexvmi,VrsCzg
"Vdn, Rgg",cnkaybui-0c92-467d-9708-bjdtvibweipa,RggVdn
"Zlz, Iag",sjdvnlnv-f954-488b-9105-ajvzrxvigoaf,IagZlz
"Zhu, Qqz",cywchqcp-6161-42e4-987d-nhqdhdcjhkvd,QqzZhu
"Vln, Ouu",agedmszf-f437-4b0e-aa0b-vjizxnbsmllh,OuuVln
"Dcn, Zps",lkuydmzf-1364-4112-9321-rqdndkovjfxo,ZpsDcn
"Dcn, Zps",lkuydmzf-1364-4112-9321-rqdndkovjfxo,ZpsDcn
"Dcn, Zps",lkuydmzf-1364-4112-9321-rqdndkovjfxo,ZpsDcn
"Min, Tqn",txngiyhq-d543-408b-b6a7-wzjddqrpzjcd,TqnMin
"Min, Tqn",txngiyhq-d543-408b-b6a7-wzjddqrpzjcd,TqnMin
"Pfv, Knz",cyfaadxl-3554-426d-9e6e-txauetgryqyd,KnzPfv
"Bra, Uiz",wrbsorkf-1bff-4289-b864-kwvunxfumtow,UizBra
"Gce, Bhk",pbdtwmom-f39a-4efa-8efc-idiogvzfainq,BhkGce
"Hnd, Xgu",dxwdkoxn-543a-4256-8dc0-wgenkmekrhse,XguHnd
"Hnd, Xgu",dxwdkoxn-543a-4256-8dc0-wgenkmekrhse,XguHnd
"Nml, Muy",tlwsvlby-c82f-4b39-bfcf-gfcbwlfqpwab,MuyNml
"Jjh, Twi",vpbgkfov-d99f-497b-90e5-kxxrwmxrnjmk,TwiJjh
"Uif, Pmv",nbyjlimi-b599-4b40-943e-ijzfcichalsk,PmvUif
"Uif, Pmv",nbyjlimi-b599-4b40-943e-ijzfcichalsk,PmvUif
"Bji, Rtg",gvayauod-2d18-4957-bf22-rdntzmznoric,RtgBji
"Ekx, Ldr",rjxvgvai-15e1-4fce-83d8-otnkfpkwulwz,LdrEkx
"Ekx, Ldr",rjxvgvai-15e1-4fce-83d8-otnkfpkwulwz,LdrEkx
"Kyc, Dfu",qhirgphi-9633-4e42-94a5-zlfydkgnxsrb,DfuKyc
"Sja, Dgf",wixyidyg-00c8-4077-a170-ltfooqzuklnd,DgfSja
"Sja, Dgf",wixyidyg-00c8-4077-a170-ltfooqzuklnd,DgfSja
"Vfq, Hos",mpnntwfy-93ec-4deb-9840-tzfnyvsfoigf,HosVfq
"Vfq, Hos",mpnntwfy-93ec-4deb-9840-tzfnyvsfoigf,HosVfq
"Sao, Peh",vfmdzbqr-7df2-41fc-af2b-xiarsdaljkgf,PehSao
"Jct, Btz",hpkvdjod-b1af-4c3d-85ce-zgaunbyeotcu,BtzJct
"Mef, Zjv",hoxtrahl-4385-4646-8884-fhnogtotrzla,ZjvMef
"Mef, Zjv",hoxtrahl-4385-4646-8884-fhnogtotrzla,ZjvMef
"Mef, Zjv",hoxtrahl-4385-4646-8884-fhnogtotrzla,ZjvMef
"Gnk, Srg",stuvyhhn-0a64-43c0-b1b0-whxpwufrqdkd,SrgGnk
"Qcs, Abb",xyokwkqc-c377-4579-b875-uyuofqmclijl,AbbQcs
"Sft, Tdb",nncwhyuq-2985-4131-9a5c-akahdphpbgpq,TdbSft
"Ltw, Dti",ifxbgrdy-3fec-4085-becc-ftaejueqmtoi,DtiLtw
"Otc, Hvr",doprgrfl-9f56-4c56-8876-mygkbgfinidg,HvrOtc
"Kjj, Umr",esaggfhq-5536-4aa6-8316-ephngwwwyrkc,UmrKjj
"Hyg, Odz",szwlifkl-07bd-412d-aa5e-miepvvujpmmn,OdzHyg
"Cah, Vea",nsnbdpjt-3eaf-47e7-85e0-hvrzjljtxryz,VeaCah
"Yha, Vym",jjzaffmy-459f-46f3-ac99-hdburucocnxe,VymYha
"Jce, Dlm",agiccrjj-e165-429f-88f3-fzvypznpymrv,DlmJce
"Eeb, Dil",sjeasuxa-2281-467c-a244-zldzccwpjuxf,DilEeb
"Ylj, Veo",ajwmihws-aeef-4666-a8cb-bcgtptpxyibs,VeoYlj
"Ylj, Veo",ajwmihws-aeef-4666-a8cb-bcgtptpxyibs,VeoYlj
"Ylj, Veo",ajwmihws-aeef-4666-a8cb-bcgtptpxyibs,VeoYlj
"Ylj, Veo",ajwmihws-aeef-4666-a8cb-bcgtptpxyibs,VeoYlj
"Lps, Xbt",giqkocmo-87df-4830-8101-pnkgwqzaadrz,XbtLps
"Bdt, Qes",djxdlawo-f283-4997-a494-vckkrypfdiaa,QesBdt
"Bdt, Qes",djxdlawo-f283-4997-a494-vckkrypfdiaa,QesBdt
"Kqz, Vgn",faihtpmc-b078-40d0-8cc1-cdnjawurmmem,VgnKqz
"Ppj, Lsa",ummiecob-2d36-4aa6-86a0-lnrcgaktakkw,LsaPpj
"Ibj, Ckg",szsjaeba-b2ad-4917-915f-uniyfntlykoh,CkgIbj
"Ibj, Ckg",szsjaeba-b2ad-4917-915f-uniyfntlykoh,CkgIbj
"Rbr, Emv",oqwglqjd-a11c-4ec8-a131-seexsvdznhmj,EmvRbr
"Rbr, Emv",oqwglqjd-a11c-4ec8-a131-seexsvdznhmj,EmvRbr
"Ldq, Fqa",niiwgcuz-5fcc-4088-983b-sjmcsfqiwkro,FqaLdq
"Xrd, Vbg",knfsijkf-38b3-4ed5-a68f-bhkbbbkkomjt,VbgXrd
"Xrd, Vbg",knfsijkf-38b3-4ed5-a68f-bhkbbbkkomjt,VbgXrd
"Yxu, Olx",szgslutb-69f3-47e4-b8b3-ufonitnwnyrt,OlxYxu
"Rzt, Ckp",tsiwhmad-fbb0-427e-9776-ddsohaycqift,CkpRzt
"Rzt, Ckp",tsiwhmad-fbb0-427e-9776-ddsohaycqift,CkpRzt
"Rzt, Ckp",tsiwhmad-fbb0-427e-9776-ddsohaycqift,CkpRzt
"Rzt, Ckp",tsiwhmad-fbb0-427e-9776-ddsohaycqift,CkpRzt
"Iji, Cea",mfodqzco-1783-48c5-bf24-djebohvyjdse,CeaIji
"Ztj, Cgr",uptvmski-6209-4c3a-a000-szzdvfluoign,CgrZtj
"Xvp, Lsr",cfrpjgtn-ae22-48d6-9e5c-nhoqwjdcxmig,LsrXvp
"Xfg, Qwx",rbjeolyo-fe39-4b1b-9742-yewfvuzgvnsx,QwxXfg
"Twz, Wxa",rqxphadz-9eeb-4823-834a-sdewwpwiljtn,WxaTwz
"Twz, Wxa",rqxphadz-9eeb-4823-834a-sdewwpwiljtn,WxaTwz
"Twz, Wxa",rqxphadz-9eeb-4823-834a-sdewwpwiljtn,WxaTwz
"Qfp, Tdq",kkigxfbq-bfdb-4edc-ae34-gupeuvadvpsg,TdqQfp
"Dyr, Yiw",wrrjivxr-ea92-4c80-be63-jzqpjbrzivsy,YiwDyr
"Ybm, Lfs",dldyfjqa-5ea7-446b-944d-yghvczxjtcyj,LfsYbm
"Med, Dth",fvwyarew-f461-441a-941a-wslijgxwzvul,DthMed
"Dbj, Tkg",pjghhsfd-8418-4928-adb2-nkknsvfyvzct,TkgDbj
"Dbj, Tkg",pjghhsfd-8418-4928-adb2-nkknsvfyvzct,TkgDbj
"Kdv, Tph",mkpccfxu-7b42-4f1e-8803-cfhbiaqhnblm,TphKdv
"Kdv, Tph",mkpccfxu-7b42-4f1e-8803-cfhbiaqhnblm,TphKdv
"Ebv, Nyx",qdlcyejy-d8d9-453d-b954-bibhmfxoewga,NyxEbv
"Qsm, Zgf",vzpktnue-05ac-434c-b2e2-uszcasebncyk,ZgfQsm
"Njr, Jay",rkfzitxo-43ca-4c80-b360-heutarwqjwlh,JayNjr
"Njr, Jay",rkfzitxo-43ca-4c80-b360-heutarwqjwlh,JayNjr
"Lxf, Xxn",tmeishwj-e7e2-4144-8e62-fwzbnnldfjjo,XxnLxf
"Bmf, Xve",ggdbbchp-1c06-4d09-921a-lefydlllltwa,XveBmf
"Pzb, Emp",gpjhttum-5a86-48b0-89f7-jyxslyxsgawe,EmpPzb
"Wiz, Afz",wjpoersz-262c-4c71-bedf-jziftjcogtsd,AfzWiz
"Wiz, Afz",wjpoersz-262c-4c71-bedf-jziftjcogtsd,AfzWiz
"Wiz, Afz",wjpoersz-262c-4c71-bedf-jziftjcogtsd,AfzWiz
"Rfp, Sxe",sainihht-d55f-4464-9b13-bcypinhmasno,SxeRfp
"Mvo, Xxq",aawqubra-9010-4cc3-be58-wxerwqjyotzo,XxqMvo
"Mvo, Xxq",aawqubra-9010-4cc3-be58-wxerwqjyotzo,XxqMvo
"Vuc, And",hwqemfhe-b5d1-49fb-a0ca-ndedvaftfuty,AndVuc
"Xbz, Yqv",icwkdhah-c2a8-4e30-9287-tjmcmyktfixr,YqvXbz
"Svh, Che",scfmiokt-1abf-4035-ad30-rhlazwzgtrrr,CheSvh
"Qav, Eqz",pikvwlfl-d724-48f3-9da0-mflakonscizr,EqzQav
"Qav, Eqz",pikvwlfl-d724-48f3-9da0-mflakonscizr,EqzQav
"Dkg, Adb",udhacwfw-e13a-4fa9-91ca-mbkbqswwntyy,AdbDkg
"Dkg, Adb",udhacwfw-e13a-4fa9-91ca-mbkbqswwntyy,AdbDkg
"Tvn, Lwm",pnsxcthq-a014-470f-9d77-houthmeqargs,LwmTvn
"Tvn, Lwm",pnsxcthq-a014-470f-9d77-houthmeqargs,LwmTvn
"Sqh, Kro",hparksre-ef45-47cf-ae4d-owfuzmckidnl,KroSqh
"Sqh, Kro",hparksre-ef45-47cf-ae4d-owfuzmckidnl,KroSqh
"Rsn, Imw",cswcdhsm-ef22-4ba9-b28e-scfuondqxfnu,ImwRsn
"Xll, Lgc",raqegggb-9d79-419b-ac71-ncdamfkvrpxc,LgcXll
"Mih, Nwh",ixyqgvas-cc5d-40e9-9a9f-prfwsznfpzsh,NwhMih
"Mih, Nwh",ixyqgvas-cc5d-40e9-9a9f-prfwsznfpzsh,NwhMih
"Chm, Jtx",pootxnkh-864f-4aaf-9f36-dkfcglhdwutm,JtxChm
"Vsk, Bsj",zkwvfdxd-4795-4e37-89de-ytelbftjnkhu,BsjVsk
"Put, Pzy",kaiqrrnd-db4f-44d4-b29f-cfepqzqhdnun,PzyPut
"Put, Pzy",kaiqrrnd-db4f-44d4-b29f-cfepqzqhdnun,PzyPut
"Awd, Xwj",dfrqmkex-d04a-4f05-8289-lebbjwrzbrow,XwjAwd
"Xdi, Nps",ltouphmu-e1bf-4b93-82dc-faomthheofsu,NpsXdi
"Wul, Bjb",ujpsvimd-a347-4a6b-a118-yaacloqxajut,BjbWul
"Wul, Bjb",ujpsvimd-a347-4a6b-a118-yaacloqxajut,BjbWul
"Wul, Bjb",ujpsvimd-a347-4a6b-a118-yaacloqxajut,BjbWul
"Zfd, Ily",uzwbxlhq-1ddd-460d-90f8-cjektiikqfyr,IlyZfd
"Mmq, Jso",eezjsspc-ffa5-4fae-b382-pfxcmwexuces,JsoMmq
"Mmq, Jso",eezjsspc-ffa5-4fae-b382-pfxcmwexuces,JsoMmq
"Shr, Ypo",knbzslxd-7ed3-4c4d-ae75-hwstychyhqei,YpoShr
"Ysb, Mvt",ljvdsxpp-f344-4c50-a1d0-jsrxlkkpjbhh,MvtYsb
"Rmo, Fdr",nquudixn-a173-4606-9dda-yngdsmyiwfqm,FdrRmo
"Fiq, Wth",mgmcjelo-0be5-4f1c-8d76-ptdqcqrvfcrz,WthFiq
"Fwk, Frh",tmksprju-d757-4e92-8318-gcgfmcrrkerf,FrhFwk
"Okh, Szv",fwyhhiww-9efd-4699-9a0a-rfacwsdozcjn,SzvOkh
"Zbs, Fly",brpdjood-41a1-4d5d-af66-bihlaqzcwbce,FlyZbs
"Zbs, Fly",brpdjood-41a1-4d5d-af66-bihlaqzcwbce,FlyZbs
"Qgt, Dvl",beggzldo-866f-42b2-a71a-kltrylpvnjau,DvlQgt
"Rdo, Piu",uamxqgjy-7b58-4d2c-bd66-seeonywqicrl,PiuRdo
"Xut, Rov",highovyg-36c5-44c3-988e-bzsdfvwmonkc,RovXut
"Oib, Olc",zcjzrowe-2c54-4aec-a9e5-hgxvltxpgtpe,OlcOib
"Obq, Ziu",dpxpwipa-dd05-4eaf-9f20-yxdmnpnqwzez,ZiuObq
"Enb, Glq",ybzzpxid-197a-4a53-b90a-vvnrtxgjkdgr,GlqEnb
"Fle, Qvv",smfndqin-1fde-4861-9fda-djjpuzenvojk,QvvFle
"Huy, Mod",kukomhzw-ed13-4c48-b2b4-wgfklsauvaxm,ModHuy
"Aem, Udf",lnqmiwna-74d1-42dd-bb5d-whyhoiaabdaw,UdfAem
"Aem, Udf",lnqmiwna-74d1-42dd-bb5d-whyhoiaabdaw,UdfAem
"Aem, Udf",lnqmiwna-74d1-42dd-bb5d-whyhoiaabdaw,UdfAem
"Aem, Udf",lnqmiwna-74d1-42dd-bb5d-whyhoiaabdaw,UdfAem
"Vka, Fun",ftlzmbki-1ae5-4e44-9d8a-dgntqrcudvmi,FunVka
"Bws, Enq",nhzxdolr-49ef-4744-b7ff-vsepskipmpax,EnqBws
"Nvu, Hrl",jmlxdael-6cea-4ece-a872-vwewihetpvct,HrlNvu
"Wik, Hwy",haxpoubd-a0de-49b5-bce1-paxvdddomnag,HwyWik
"Esa, Frd",ybplyxqh-00a5-4078-801d-ijxayteeiamd,FrdEsa
"Goe, Ebb",esszywmb-f815-47fc-9ea9-qfdojburblhh,EbbGoe
"Anp, Spo",pyvnbahs-8100-4fd7-8df0-zxqkhjkiwkyd,SpoAnp
"Anp, Spo",pyvnbahs-8100-4fd7-8df0-zxqkhjkiwkyd,SpoAnp
"Anp, Spo",pyvnbahs-8100-4fd7-8df0-zxqkhjkiwkyd,SpoAnp
"Lde, Dmh",xcehmxjb-b59e-4f57-bbfb-mrplhxtjejgn,DmhLde
"Gpl, Tsh",yaytzkrd-5deb-4153-8dc7-qvedntykwaon,TshGpl
"Gpl, Tsh",yaytzkrd-5deb-4153-8dc7-qvedntykwaon,TshGpl
"Hmx, Fwt",hlriubrd-3e36-4b4e-80ea-itxssjyoflvf,FwtHmx
"Ljs, Gjt",ufxmssyk-9b6f-439c-aad4-rlwmrepxrkdj,GjtLjs
"Ffs, Lqu",nloctzgx-d5c0-4916-8ade-ecbplxovrslc,LquFfs
"Xcu, Ote",mxqzvemy-3916-4152-bb0b-dojpmlueqvhq,OteXcu
"Scx, Noc",brsnbxbb-6672-4550-8a9e-ylbyiysyiyxz,NocScx
"Scx, Noc",brsnbxbb-6672-4550-8a9e-ylbyiysyiyxz,NocScx
"Uwh, Zbo",pakniyed-ae70-4ade-a52e-rgmkudzgxbvv,ZboUwh
"Uwh, Zbo",pakniyed-ae70-4ade-a52e-rgmkudzgxbvv,ZboUwh
"Uwh, Zbo",pakniyed-ae70-4ade-a52e-rgmkudzgxbvv,ZboUwh
"Qjh, Vuj",yzyfgfgm-c25c-4d0b-8f3f-xbjoizjscova,VujQjh
"Esq, Gqg",vbiwiklp-b6f7-434d-bb81-sesgulghttxg,GqgEsq
"Fmu, Hmc",dycrvrvu-3e0a-489f-88a3-uvzqtommyjdi,HmcFmu
"Vdi, Fyz",mgqgdxso-b75e-4c41-8357-qbweusnguukd,FyzVdi
"Ofh, Lbj",bwqexxgf-fd03-4469-88a2-emuazgjijimg,LbjOfh
"Rii, Nqc",qkgufdoy-1b79-4503-8648-zizwaxrmatui,NqcRii
"Rii, Nqc",qkgufdoy-1b79-4503-8648-zizwaxrmatui,NqcRii
"Gmw, Hlw",musduklh-119a-4f6c-97f7-pkhwhtvbiwrl,HlwGmw
"Cse, Isr",royusygv-1b90-4720-ba92-uwgpfjdqpdxl,IsrCse
"Cse, Isr",royusygv-1b90-4720-ba92-uwgpfjdqpdxl,IsrCse
"Skf, Xsf",ykrxrioa-7f6a-4fea-a9d7-nbiappwyrxzq,XsfSkf
"Skf, Xsf",ykrxrioa-7f6a-4fea-a9d7-nbiappwyrxzq,XsfSkf
"Zlm, Meb",mgelgmcn-1509-4338-8270-fhsffkwhqsgw,MebZlm
"Zlm, Meb",mgelgmcn-1509-4338-8270-fhsffkwhqsgw,MebZlm
"Fyr, Aso",qfhccgxn-d0d7-4577-906c-aqvozpoycwcq,AsoFyr
"Fyr, Aso",qfhccgxn-d0d7-4577-906c-aqvozpoycwcq,AsoFyr
"Fyr, Aso",qfhccgxn-d0d7-4577-906c-aqvozpoycwcq,AsoFyr
"Mza, Kkr",scdlawhm-382d-45cf-b504-snxqwikilrgf,KkrMza
"Lrr, Bri",djqsrdkj-d522-4a43-a6d7-kxwzwqvjswgj,BriLrr
"Jmi, Ynr",hbkxmlar-9c57-46c0-9ad4-runhlojrmfsv,YnrJmi
"Jmi, Ynr",hbkxmlar-9c57-46c0-9ad4-runhlojrmfsv,YnrJmi
"Ixi, Yag",otmjdauz-dac5-4364-854e-ecbqwqmmpbkq,YagIxi
"Oum, Vxo",jjfmlrbv-20de-4eef-8359-thldbqfammob,VxoOum
"Tno, Kik",vfjzyxdq-1900-4c53-a561-hkfdtgcswyjx,KikTno
"Tno, Kik",vfjzyxdq-1900-4c53-a561-hkfdtgcswyjx,KikTno
"Xgt, Uxd",xqmqjuff-e4ec-4849-b25c-nofostrjdsig,UxdXgt
"Kpo, Ijd",viugylbl-0e4a-4cc5-9935-tqxivexeauhi,IjdKpo
"Jdj, Zok",uvhbmhme-77f8-443a-b8fb-msbrczouzils,ZokJdj
"Jdj, Zok",uvhbmhme-77f8-443a-b8fb-msbrczouzils,ZokJdj
"Imm, Qqs",wgwiizty-07e0-4ca2-9f98-cvjwilzzbxsd,QqsImm
"Imm, Qqs",wgwiizty-07e0-4ca2-9f98-cvjwilzzbxsd,QqsImm
"Fyt, Quz",ocxxwszk-aeb5-4338-b307-xebxcfdtjbyb,QuzFyt
"Fre, Rha",tyhjhuty-0e00-4e5b-bda6-vfyomaxaknuy,RhaFre
"Yfn, Bvw",itamzfdg-65a2-4d41-a31e-hsiuxypnfpaa,BvwYfn
"Mig, Rxr",fynswzxa-81b6-45b6-be68-bxdicxnobbxe,RxrMig
"Vqw, Saf",zbcivzgc-97d1-47a9-bc17-mlihppiqmivs,SafVqw
"Xok, Fyf",agxjnrku-d15f-4db9-8590-kxjkzcycfxpb,FyfXok
"Kmr, Rxo",bcvsjank-64ec-4a4e-92e4-vmpyocdgvjhl,RxoKmr
"Jzm, Tqw",qvhwifdx-b81b-4398-8cff-bxrxcmbhazhh,TqwJzm
"Jzm, Tqw",qvhwifdx-b81b-4398-8cff-bxrxcmbhazhh,TqwJzm
"Jzm, Tqw",qvhwifdx-b81b-4398-8cff-bxrxcmbhazhh,TqwJzm
"Yfs, Uvc",einwzxsu-c1d0-4cae-9a1c-ovvanebnartl,UvcYfs
"Cje, Lap",ldxaykmd-5c79-4a8e-bd60-veusgqsnjjag,LapCje
"Ssi, Aqg",qlvyrnlh-105a-4917-b19f-wkrpejeguijy,AqgSsi
"Cnp, Aqy",ocsbyjra-549c-497e-83bd-jzlcvtpnlcdp,AqyCnp
"Ink, Bqa",idibrygh-46ef-4a3b-8386-tjsrrpddtqws,BqaInk
"Ink, Bqa",idibrygh-46ef-4a3b-8386-tjsrrpddtqws,BqaInk
"Lbp, Cnw",njvpyvoq-2b36-4491-a10e-rvmyknfbtewg,CnwLbp
"Udl, Ycd",vfsdghdc-336d-41a4-a28d-pkmcmqreclsu,YcdUdl
"Udl, Ycd",vfsdghdc-336d-41a4-a28d-pkmcmqreclsu,YcdUdl
"Hkc, Jee",iqjbwdik-8fde-49bd-b29e-mdpizdgkezmw,JeeHkc
"Hkc, Jee",iqjbwdik-8fde-49bd-b29e-mdpizdgkezmw,JeeHkc
"Cfc, Xjk",vngdusct-f740-4fe7-af7e-lzfhefcrmilg,XjkCfc
"Cfc, Xjk",vngdusct-f740-4fe7-af7e-lzfhefcrmilg,XjkCfc
"Xtd, Opk",bpgpjvjx-4666-4869-bcc3-wiybohhogsbd,OpkXtd
"Hsx, Gmz",xcmohndv-e5a9-469d-94a6-puhdaflombqt,GmzHsx
"Hsx, Gmz",xcmohndv-e5a9-469d-94a6-puhdaflombqt,GmzHsx
"Hsx, Gmz",xcmohndv-e5a9-469d-94a6-puhdaflombqt,GmzHsx
"Hsx, Gmz",xcmohndv-e5a9-469d-94a6-puhdaflombqt,GmzHsx
"Ojo, Ztl",tccdaish-573c-43b1-99dd-tgdynvjsvhif,ZtlOjo
"Ytn, Yxm",dgmpuedi-68b3-4af4-8882-nlcecybelbld,YxmYtn
"Ycq, Vae",huxezpjs-6926-49e9-b8ad-svgkihsshiox,VaeYcq
"Olr, Rvq",mhgeubgx-1941-404a-a3c4-dyhhagaepbyu,RvqOlr
"Htt, Vqx",ppscwpew-ab75-4e75-ade1-qpnxodqlvqxy,VqxHtt
"Upa, Ctz",kpcybfmg-3acb-42d4-85f1-pnvvqofylreg,CtzUpa
"Csh, Ijt",rwdtmctk-d3c1-469e-aa00-plwlijwwqiir,IjtCsh
"Onh, Lqj",cgjwutgh-395b-4dd8-963a-nxgkgqrsychc,LqjOnh
"Cvf, Jua",sqrfmdbd-efb5-4da1-bf6b-zvzxuypuapcb,JuaCvf
"Vdf, Teg",djsmyuyj-b4bb-4d67-bbf7-tcoxoxzufrqq,TegVdf
"Qjz, Myo",ocvmnrsj-3f39-4446-b640-mqkprlsjtwla,MyoQjz
"Yiy, Dbe",oeiqdlka-193d-40c1-aa47-xuwjwpakuniu,DbeYiy
"Epq, Kzi",eerqcydx-65fd-4183-9746-xtxujgayynpb,KziEpq
"Epq, Kzi",eerqcydx-65fd-4183-9746-xtxujgayynpb,KziEpq
"Kpz, Xwp",lbplfbrt-49a6-4be7-89cc-modggiuldsen,XwpKpz
"Kpz, Xwp",lbplfbrt-49a6-4be7-89cc-modggiuldsen,XwpKpz
"Rbr, Fdg",nqgddthz-6676-45f6-8373-gyrmbtgkaihh,FdgRbr
"Ypl, Ova",gjrnaqwh-3858-4a36-8c8a-utaigbvltmvv,OvaYpl
"Ckh, Lfg",xgjrnsns-d04d-43fb-86de-cqaelygvgtmr,LfgCkh
"Ckh, Lfg",xgjrnsns-d04d-43fb-86de-cqaelygvgtmr,LfgCkh
"Ckh, Lfg",xgjrnsns-d04d-43fb-86de-cqaelygvgtmr,LfgCkh
"Tle, Ggm",efiipccm-6646-4ae2-b65c-orkpiehsocyt,GgmTle
"Yqc, Vrz",osutzgyr-a6ae-4da5-b147-guqzoqgqkste,VrzYqc
"Wsg, Wsq",rrqwiazq-498e-4f67-b5fc-nszhmqfkrxfc,WsqWsg
"Taj, Iwy",colvvfhm-bd54-454e-838e-uknjlqpclcwy,IwyTaj
"Taj, Iwy",colvvfhm-bd54-454e-838e-uknjlqpclcwy,IwyTaj
"Huu, Osn",ortzuhke-4258-4d12-b707-djgkooqeacek,OsnHuu
"Nek, Bql",wyzjltbi-0347-47fb-8489-bzgvnwpvzlvk,BqlNek
"Mdu, Jiu",vpaftjtr-5905-4705-9904-rhwdotyvglty,JiuMdu
"Mdu, Jiu",vpaftjtr-5905-4705-9904-rhwdotyvglty,JiuMdu
"Mdu, Jiu",vpaftjtr-5905-4705-9904-rhwdotyvglty,JiuMdu
"Mdu, Jiu",vpaftjtr-5905-4705-9904-rhwdotyvglty,JiuMdu
"Uzv, Ezr",ytqlquvs-3610-4a40-9e82-baggkxplwkuk,EzrUzv
"Uzv, Ezr",ytqlquvs-3610-4a40-9e82-baggkxplwkuk,EzrUzv
"Uzv, Ezr",ytqlquvs-3610-4a40-9e82-baggkxplwkuk,EzrUzv
"Dse, Tgr",fxskktxj-8630-40ea-b74d-lhsblcyfsist,TgrDse
"Rtj, Xsh",buorhyye-1983-4abf-b83b-acssjlthfucg,XshRtj
"Iov, Rxi",helchxjs-6f01-400b-9dba-obtkfglgwzzz,RxiIov
"Rwd, Fhk",kxaxtgyc-c534-4c88-98bd-igxjukzqybyx,FhkRwd
"Cfw, Cvs",wtqmmybr-f44d-438c-95c7-rczsqefgrdrt,CvsCfw
"Vvw, Ryu",uqonyymt-ec1e-449e-b2cc-eauwhcdxgjli,RyuVvw
"Vvw, Ryu",uqonyymt-ec1e-449e-b2cc-eauwhcdxgjli,RyuVvw
"Vvw, Ryu",uqonyymt-ec1e-449e-b2cc-eauwhcdxgjli,RyuVvw
"Uss, Xjh",xblnzsof-ad04-4c69-9434-dktwiuovmucc,XjhUss
"Uss, Xjh",xblnzsof-ad04-4c69-9434-dktwiuovmucc,XjhUss
"Uss, Xjh",xblnzsof-ad04-4c69-9434-dktwiuovmucc,XjhUss
"Uss, Xjh",xblnzsof-ad04-4c69-9434-dktwiuovmucc,XjhUss
"Hob, Tjh",uzsmhytj-1911-4761-b710-zodwsdatcqvr,TjhHob
"Dpv, Zmt",wuumvvux-f8f1-4b94-8a43-xsmwpqeehtdh,ZmtDpv
"Qnb, Iog",esefhfrl-d12f-48b8-abdf-riwngyezqrmi,IogQnb
"Iha, Twm",twzpxvyc-7a9a-45dc-81d4-bsduyqlzegtq,TwmIha
"Tuf, Xgg",wslgmywc-11b0-472b-8e6b-logqzmgguhys,XggTuf
"Cwr, Sdk",egvtdnbn-f5b2-4d32-8de3-usprogldbdsy,SdkCwr
"Apb, Zce",qmiblhhl-5855-477b-a77a-vfnmhfcreloz,ZceApb
"Ecg, Iuj",fqllfvra-8545-4b7c-a617-rracmqrsbstf,IujEcg
"Swg, Wvz",buakmbtg-4e3a-4878-84e8-wbsxctvvovdf,WvzSwg
"Ddg, Kpz",irfiydni-ef0c-4d51-81d4-jfekwfkbretg,KpzDdg
"Vmw, Opl",ybfgsabp-b14f-47f1-8c73-bdustjdzpauw,OplVmw
"Ply, Fjq",wtsetnke-d8c9-45d1-8f5f-rxguxsciikys,FjqPly
"Zlc, Kcw",vtxdfilr-bc12-4c75-84a1-iqxtuesiicua,KcwZlc
"Zlc, Kcw",vtxdfilr-bc12-4c75-84a1-iqxtuesiicua,KcwZlc
"Hev, Pod",xncqmbxj-3e87-4b7e-b994-jnrwiitgesou,PodHev
"Bfp, Ice",bzjxeits-dba0-4bed-b063-vhdxgxnkoysm,IceBfp
"Bfp, Ice",bzjxeits-dba0-4bed-b063-vhdxgxnkoysm,IceBfp
"Bfp, Ice",bzjxeits-dba0-4bed-b063-vhdxgxnkoysm,IceBfp
"Qsz, Xxu",zmwrrurw-5f16-430d-b64b-ysvrggwzrhej,XxuQsz
"Fsr, Uhd",qyuejuyu-70df-47db-9e6d-drddbetoaqou,UhdFsr
"Tld, Pwp",hoynnpez-88cf-4717-bd36-zmrffryaudnd,PwpTld
"Tld, Pwp",hoynnpez-88cf-4717-bd36-zmrffryaudnd,PwpTld
"Tld, Pwp",hoynnpez-88cf-4717-bd36-zmrffryaudnd,PwpTld
"Ltl, Mpf",uqiritgj-ce9d-49c0-ac52-yycghtmdvuqu,MpfLtl
"Ltl, Mpf",uqiritgj-ce9d-49c0-ac52-yycghtmdvuqu,MpfLtl
"Ltl, Mpf",uqiritgj-ce9d-49c0-ac52-yycghtmdvuqu,MpfLtl
"Zbh, Jqj",tkujimuy-734b-4861-a292-tgmoiojodftj,JqjZbh
"Iku, Sgj",rqsiljcg-0ebc-44c6-a5a4-iwxyobxelxng,SgjIku
"Iku, Sgj",rqsiljcg-0ebc-44c6-a5a4-iwxyobxelxng,SgjIku
"Iku, Sgj",rqsiljcg-0ebc-44c6-a5a4-iwxyobxelxng,SgjIku
"Bcq, Zqx",obehybdp-b3e5-439a-832a-afzydmrejnbx,ZqxBcq
"Bcq, Zqx",obehybdp-b3e5-439a-832a-afzydmrejnbx,ZqxBcq
"Bcq, Zqx",obehybdp-b3e5-439a-832a-afzydmrejnbx,ZqxBcq
"Osp, Dgr",upslxdtv-1e5a-4f03-a95e-bilhrfiruhhl,DgrOsp
"Hiv, Vbh",ezlvpbce-75e1-4ee6-a37b-xeygznyfeaei,VbhHiv
"Ubc, Gjo",ufesmczm-aa5d-454d-93c7-bbboafdeieos,GjoUbc
"Bfm, Hzl",psfdlaar-41b8-4758-97ee-jaafzuzswyow,HzlBfm
"Bfm, Hzl",psfdlaar-41b8-4758-97ee-jaafzuzswyow,HzlBfm
"Bfm, Hzl",psfdlaar-41b8-4758-97ee-jaafzuzswyow,HzlBfm
"Gia, Hkg",ttsneidp-7509-4d09-b619-wktgawbcnvle,HkgGia
"Gia, Hkg",ttsneidp-7509-4d09-b619-wktgawbcnvle,HkgGia
"Gia, Hkg",ttsneidp-7509-4d09-b619-wktgawbcnvle,HkgGia
"Kpi, Hwy",dcgmnwqi-27f8-4cf3-80f7-rlqgsouhcoru,HwyKpi
"Gzi, Tsf",mxejoaji-597b-40ca-b5c7-krnosdnyqlnb,TsfGzi
"Tsn, Kek",lwtyfupn-47b0-4f58-b591-wqsxctnlfeec,KekTsn
"Tsn, Kek",lwtyfupn-47b0-4f58-b591-wqsxctnlfeec,KekTsn
"Tsn, Kek",lwtyfupn-47b0-4f58-b591-wqsxctnlfeec,KekTsn
"Pup, Lnr",qqdopexl-2aaa-4bc1-aabe-yzxvffhvrgqz,LnrPup
"Pup, Lnr",qqdopexl-2aaa-4bc1-aabe-yzxvffhvrgqz,LnrPup
"Pup, Lnr",qqdopexl-2aaa-4bc1-aabe-yzxvffhvrgqz,LnrPup
"Pup, Lnr",qqdopexl-2aaa-4bc1-aabe-yzxvffhvrgqz,LnrPup
"Lsb, Tum",vdafpcyk-ccc3-43d0-9893-dlqgbpzjyiyu,TumLsb
"Jaz, Clv",ssetliqp-e6a1-49ff-9df7-oueehzvyiakt,ClvJaz
"Nej, Lmt",rhbcrwly-178c-4bc6-8e44-ioisshcfdgtf,LmtNej
"Oly, Psz",fghhmklf-8927-4a96-9b92-gfpejeuskddt,PszOly
"Rur, Vjk",xlabwffr-f1d8-4327-8e9f-nlvennyuamef,VjkRur
"Fmj, Muj",hqvnagck-cb01-4993-b415-pouqnuiqyuaj,MujFmj
"Til, Nvo",efkcchkk-121d-48f2-b4fd-xaqqrdamqyib,NvoTil
"Vpj, Mox",vltevpha-2eaa-4c96-877a-ggnbmsfrokdn,MoxVpj
"Vpj, Mox",vltevpha-2eaa-4c96-877a-ggnbmsfrokdn,MoxVpj
"Nic, Wdl",uvqnrwuo-52ca-4ce4-bce7-olrvdgmpixoh,WdlNic
"Ecc, Xrj",vylanxls-6e41-48d7-9630-cjgyccnzzdsg,XrjEcc
"Pco, Ilo",icafxsyi-b575-4f29-a8e8-litrwbhuqglc,IloPco
"Gcu, Umm",yleowpbd-e704-495e-b2eb-ubplhvhaixvy,UmmGcu
"Lfi, Frp",fxkbpwtj-bf2d-4c2f-99bf-axfzucbmwacf,FrpLfi
"Bbx, Grh",gcdlfsth-ae94-4858-b28d-kjwvtwdeoucq,GrhBbx
